76931fac-dab2-36c2-8b87-6ae33f9a62d7,valami,idk
73931fac-dab2-36c2-8b37-6ae37f9a62d7,azta,222
76t31fac-dab2-36c2-8b87-6ae3212a65gv,Boop Furry, How to boop the furrys
76931fac-dab2-36c2-8b87-6ae33f9a62d7,Fluff,Get a fluffy furry and boop it.
14f91729-669c-5290-d40b-cb04cded2d63,ezt,akartam
07ae5b09-1f81-2a36-f4df-2dfd7e87526b,test,fogod
d6407389-a351-5514-4181-690cc679cb94,es,teszteled
bf46ea62-faee-be94-5d3f-4a3972621a80,ez,teszt

e61c9eaf-c206-bb5b-1d9d-e2eac81be378,,tobb
1272ea24-dfa9-b618-fb29-ba29da1fc91a,tag add,valami
